"review_batch","review_decision","review_decision_source","section_equivalence_id","candidate_method","candidate_topic","db_equivalence_type","db_review_status","title_similarity","text_similarity","current_section_key","current_section_label","current_section_title","current_document_type","current_zone_code","current_citations","current_clause_count","current_text_preview","draft_section_key","draft_section_label","draft_section_title","draft_document_type","draft_zone_code","draft_citations","draft_clause_count","draft_text_preview","reviewer_notes","updated_at"
"2026-04-29-exact-title-same-topic-text-ge-0.75","accepted","database backfill from existing accepted rows","37","title_topic_token_v1","other","same_topic","accepted","1","0.962963","current|current:bbb41b34dd5d|file|data/zoning/charlottetown/general-provisions.json|section|doc-general-provisions-section-4-3|4.3","4.3","SWIMMING POOLS","general_provisions","","{""pdf_page_end"": 35, ""bylaw_page_end"": 35, ""pdf_page_start"": 35, ""bylaw_page_start"": 35}","6","A Swimming Pool maybe Erected or placed in a Side Yard or Rear Yard provided that the pool is not less than 1.83 m (6.0 ft) from the nearest Lot Line. A Swimming Pool shall be completely surrounded with a Fence or Structure that is: Not less than 1.83 m (6.0 ft) in Height; and A type that would impede unauthorized pass","draft|draft:92daa9e770cd|file|data/zoning/charlottetown-draft/general-provisions-buildings-structures.json|section|doc-general-provisions-section-3-3|3.3","3.3","SWIMMING POOLS","general_provisions","","{""pdf_page_end"": 23, ""bylaw_page_end"": 19, ""pdf_page_start"": 23, ""bylaw_page_start"": 19}","6","A swimming pool maybe erected or placed in a side yard or rear yard provided that the wet-edge of the pool is not less than 1.83 m (6.0 ft) from the nearest lot line. A swimming pool shall be completely surrounded with a fence or structure that is: Not less than 1.83 m (6 ft) in height; and A type that would impede una","Manual review 2026-04-29: accepted exact-title current/draft section match with same_topic candidate type and text similarity >= 0.75; equivalence only, policy text may differ.","2026-04-29 10:39:45.417947+00:00"
"2026-04-29-exact-title-same-topic-text-ge-0.75","accepted","database backfill from existing accepted rows","71","title_topic_token_v1","other","same_topic","accepted","1","0.794872","current|current:bbb41b34dd5d|file|data/zoning/charlottetown/general-provisions.json|section|doc-general-provisions-section-4-11|4.11","4.11","TEMPORARY STRUCTURES","general_provisions","","{""pdf_page_end"": 37, ""bylaw_page_end"": 37, ""pdf_page_start"": 37, ""bylaw_page_start"": 37}","3","A Building Permit may be issued for a temporary Structure when: A Building or Structure is accessory to construction in progress, such as a work or construction camp, Modular Dwelling, sales or rental Office, tool or maintenance shed and scaffold. For a Greenhouse or other seasonal Structure or Building in any Zone whe","draft|draft:92daa9e770cd|file|data/zoning/charlottetown-draft/general-provisions-buildings-structures.json|section|doc-general-provisions-section-3-9|3.9","3.9","TEMPORARY STRUCTURES","general_provisions","","{""pdf_page_end"": 24, ""bylaw_page_end"": 20, ""pdf_page_start"": 24, ""bylaw_page_start"": 20}","3","A building permit may be issued for a temporary structure: When a building or structure is accessory to construction in progress, such as a work or construction camp, Modular Dwelling, sales or rental Office, tool or maintenance shed and scaffold. For a Greenhouse, event tent or other seasonal structure or building in ","Manual review 2026-04-29: accepted exact-title current/draft section match with same_topic candidate type and text similarity >= 0.75; equivalence only, policy text may differ.","2026-04-29 10:39:45.417947+00:00"
"2026-04-29-exact-title-same-topic-text-ge-0.75","accepted","database backfill from existing accepted rows","81","title_topic_token_v1","other","same_topic","accepted","1","0.951613","current|current:bbb41b34dd5d|file|data/zoning/charlottetown/general-provisions.json|section|doc-general-provisions-section-4-14|4.14","4.14","ATTACHED DWELLINGS","general_provisions","","{""pdf_page_end"": 38, ""bylaw_page_end"": 38, ""pdf_page_start"": 38, ""bylaw_page_start"": 38}","5","Attached Dwellings including Semi-detached, Townhouse, Block Townhouse and Stacked Townhouse Dwellings, must adhere to the following regulations: A separate connection to Municipal Services shall be provided for each Dwelling Unit in accordance with the P.E.I. Municipal Water and Sewerage Utilities Rules and Regulation","draft|draft:92daa9e770cd|file|data/zoning/charlottetown-draft/general-provisions-buildings-structures.json|section|doc-general-provisions-section-3-12|3.12","3.12","ATTACHED DWELLINGS","general_provisions","","{""pdf_page_end"": 26, ""bylaw_page_end"": 22, ""pdf_page_start"": 26, ""bylaw_page_start"": 22}","5","Attached dwellings including semi-detached, townhouse, duplex, must adhere to the following regulations: A separate connection to municipal services shall be provided for each dwelling unit in accordance with the P.E.I. Municipal Water and Sewerage Utilities Rules and Regulations. Each dwelling unit shall have a separa","Manual review 2026-04-29: accepted exact-title current/draft section match with same_topic candidate type and text similarity >= 0.75; equivalence only, policy text may differ.","2026-04-29 10:39:45.417947+00:00"
"2026-04-29-exact-title-same-topic-text-ge-0.75","accepted","database backfill from existing accepted rows","87","title_topic_token_v1","other","same_topic","accepted","1","0.958333","current|current:bbb41b34dd5d|file|data/zoning/charlottetown/general-provisions.json|section|doc-general-provisions-section-4-16|4.16","4.16","FUEL-BURNING BUILDINGS","general_provisions","","{""pdf_page_end"": 39, ""bylaw_page_end"": 39, ""pdf_page_start"": 39, ""bylaw_page_start"": 39}","2","The use of fuel burning equipment in the City shall be regulated by the Environmental Protection Act R.S.P.E.I. 1988, Cap. E-9 and the Environmental Protection Act R.S.P.E.I. 1988, Cap. E-9 Air Quality Regulations (No. EC377/92). Stand-alone biomass heating plants with less than 1 mw (megawatt) in net capacity are perm","draft|draft:92daa9e770cd|file|data/zoning/charlottetown-draft/general-provisions-buildings-structures.json|section|doc-general-provisions-section-3-14|3.14","3.14","FUEL-BURNING BUILDINGS","general_provisions","","{""pdf_page_end"": 26, ""bylaw_page_end"": 22, ""pdf_page_start"": 26, ""bylaw_page_start"": 22}","2","The use of fuel burning equipment in the City shall be regulated by the Environmental Protection Act R.S.P.E.I. 1988, Cap. E-9 and the Environmental Protection Act R.S.P.E.I. 1988, Cap. E-9 Air Quality Regulations (No. EC377/92). Stand-alone biomass heating plants with less than 1 mw (megawatt) in net capacity are perm","Manual review 2026-04-29: accepted exact-title current/draft section match with same_topic candidate type and text similarity >= 0.75; equivalence only, policy text may differ.","2026-04-29 10:39:45.417947+00:00"
"2026-04-29-exact-title-same-topic-text-ge-0.75","accepted","database backfill from existing accepted rows","96","title_topic_token_v1","process","same_topic","accepted","1","0.758621","current|current:bbb41b34dd5d|file|data/zoning/charlottetown/general-provisions.json|section|doc-general-provisions-section-5-1|5.1","5.1","USES PERMITTED IN ALL ZONES","general_provisions","","{""pdf_page_end"": 41, ""bylaw_page_end"": 41, ""pdf_page_start"": 41, ""bylaw_page_start"": 41}","7","Nothing in this by-law shall prevent the Use of land in any Zone for: Public Streets; Open Space Landscaped Area; Passive Recreation; Parks; and Utility Services.","draft|draft:92daa9e770cd|file|data/zoning/charlottetown-draft/general-provisions-land-use.json|section|doc-general-provisions-section-4-1|4.1","4.1","USES PERMITTED IN ALL ZONES","general_provisions","","{""pdf_page_end"": 31, ""bylaw_page_end"": 27, ""pdf_page_start"": 31, ""bylaw_page_start"": 27}","8","Nothing in this bylaw shall prevent the use of land in any zone for: Public streets; Open space Landscaped area; Passive recreation; Parks; Utility services; and Parking lots that meet the zone requirements.","Manual review 2026-04-29: accepted exact-title current/draft section match with same_topic candidate type and text similarity >= 0.75; equivalence only, policy text may differ.","2026-04-29 10:39:45.417947+00:00"
"2026-04-29-exact-title-same-topic-text-ge-0.75","accepted","database backfill from existing accepted rows","99","title_topic_token_v1","permitted_uses","same_topic","accepted","1","0.951613","current|current:bbb41b34dd5d|file|data/zoning/charlottetown/general-provisions.json|section|doc-general-provisions-section-5-2|5.2","5.2","USES PROHIBITED IN ALL ZONES","general_provisions","","{""pdf_page_end"": 41, ""bylaw_page_end"": 41, ""pdf_page_start"": 41, ""bylaw_page_start"": 41}","4","No truck, bus, coach, recreational vehicle or trailer or streetcar body, nor a Structure of any kind other than a Dwelling Unit Erected and used in accordance with this and all other municipal By- laws shall be used for human habitation. No vehicle body, truck trailer, or container shall be used as a commercial or Acce","draft|draft:92daa9e770cd|file|data/zoning/charlottetown-draft/general-provisions-land-use.json|section|doc-general-provisions-section-4-2|4.2","4.2","USES PROHIBITED IN ALL ZONES","general_provisions","","{""pdf_page_end"": 31, ""bylaw_page_end"": 27, ""pdf_page_start"": 31, ""bylaw_page_start"": 27}","4","No truck, bus, coach, recreational vehicle or trailer or streetcar body, nor a structure of any kind other than a dwelling unit erected and used in accordance with this and all other municipal bylaws shall be used for human habitation. No vehicle body, truck trailer, or container shall be used as a commercial or access","Manual review 2026-04-29: accepted exact-title current/draft section match with same_topic candidate type and text similarity >= 0.75; equivalence only, policy text may differ.","2026-04-29 10:39:45.417947+00:00"
"2026-04-29-exact-title-same-topic-text-ge-0.75","accepted","database backfill from existing accepted rows","101","title_topic_token_v1","permitted_uses","same_topic","accepted","1","0.928571","current|current:bbb41b34dd5d|file|data/zoning/charlottetown/general-provisions.json|section|doc-general-provisions-section-5-3|5.3","5.3","MIXED USES","general_provisions","","{""pdf_page_end"": 41, ""bylaw_page_end"": 41, ""pdf_page_start"": 41, ""bylaw_page_start"": 41}","1","Where two (2) or more permitted uses are located, or are to be located, in one (1) Building or on one (1) Lot, and when the regulations applicable to these uses are different, the most restrictive regulations shall be deemed to be in force for that Lot or Building, unless otherwise specified.","draft|draft:92daa9e770cd|file|data/zoning/charlottetown-draft/general-provisions-land-use.json|section|doc-general-provisions-section-4-3|4.3","4.3","MIXED USES","general_provisions","","{""pdf_page_end"": 31, ""bylaw_page_end"": 27, ""pdf_page_start"": 31, ""bylaw_page_start"": 27}","1","Where two (2) or more permitted uses are proposed in one (1) building or on one (1) lot, and when the regulations applicable to these uses are different, the most restrictive regulations shall be deemed to be in force for that lot or building, unless otherwise specified.","Manual review 2026-04-29: accepted exact-title current/draft section match with same_topic candidate type and text similarity >= 0.75; equivalence only, policy text may differ.","2026-04-29 10:39:45.417947+00:00"
"2026-04-29-exact-title-same-topic-text-ge-0.75","accepted","database backfill from existing accepted rows","104","title_topic_token_v1","permitted_uses","same_topic","accepted","1","0.853933","current|current:bbb41b34dd5d|file|data/zoning/charlottetown/general-provisions.json|section|doc-general-provisions-section-5-5|5.5","5.5","NON-CONFORMING USES","general_provisions","","{""pdf_page_end"": 42, ""bylaw_page_end"": 42, ""pdf_page_start"": 42, ""bylaw_page_start"": 42}","5","Subject to the provisions of this by-law, a specific use of land or a Building, which is lawfully in existence on the effective date of this by-law, and which does not conform to the permissible use of the Zone where it is located, may continue to exist. Any change of occupants or tenants of any premises or Building sh","draft|draft:92daa9e770cd|file|data/zoning/charlottetown-draft/general-provisions-land-use.json|section|doc-general-provisions-section-4-5|4.5","4.5","NON-CONFORMING USES","general_provisions","","{""pdf_page_end"": 31, ""bylaw_page_end"": 27, ""pdf_page_start"": 31, ""bylaw_page_start"": 27}","4","Subject to the provisions of this bylaw, a specific use of land or a building, which is lawfully in existence on the effective date of this bylaw, and which does not conform to the permissible use of the zone where it is located, may continue to exist. Any change of occupants or tenants of any premises or building shal","Manual review 2026-04-29: accepted exact-title current/draft section match with same_topic candidate type and text similarity >= 0.75; equivalence only, policy text may differ.","2026-04-29 10:39:45.417947+00:00"
"2026-04-29-exact-title-same-topic-text-ge-0.75","accepted","database backfill from existing accepted rows","113","title_topic_token_v1","other","same_topic","accepted","1","0.882353","current|current:bbb41b34dd5d|file|data/zoning/charlottetown/general-provisions.json|section|doc-general-provisions-section-5-8|5.8","5.8","GROUP HOMES","general_provisions","","{""pdf_page_end"": 43, ""bylaw_page_end"": 43, ""pdf_page_start"": 43, ""bylaw_page_start"": 43}","7","Group Homes shall be permitted in the following Zone(s) depending on the classification/type of Group Home: Group Home Limited: Permitted in the R-1L, R-1S, R1-N, R-2 and R-2S Zone(s) and only within a Single-detached Dwelling; Group Home: Permitted in the R-3, R-3T, R-4, R-4A, R-4B, MUR, I, MUC, DMU, DN and the DMUN Z","draft|draft:92daa9e770cd|file|data/zoning/charlottetown-draft/general-provisions-land-use.json|section|doc-general-provisions-section-4-8|4.8","4.8","GROUP HOMES","general_provisions","","{""pdf_page_end"": 34, ""bylaw_page_end"": 30, ""pdf_page_start"": 34, ""bylaw_page_start"": 30}","7","Group Homes shall be permitted in the following zone(s) depending on the classification/type of group home: Group Home Limited: Permitted in the RM Zone and only within a single- detached dwelling; Group Home: Permitted in the RM, RH, DN, and DMU Zones and within a dwelling unit or an institutional facility. The follow","Manual review 2026-04-29: accepted exact-title current/draft section match with same_topic candidate type and text similarity >= 0.75; equivalence only, policy text may differ.","2026-04-29 10:39:45.417947+00:00"
"2026-04-29-exact-title-same-topic-text-ge-0.75","accepted","database backfill from existing accepted rows","118","title_topic_token_v1","other","same_topic","accepted","1","1","current|current:bbb41b34dd5d|file|data/zoning/charlottetown/general-provisions.json|section|doc-general-provisions-section-5-10|5.10","5.10","HOME DAYCARE","general_provisions","","{""pdf_page_end"": 45, ""bylaw_page_end"": 45, ""pdf_page_start"": 45, ""bylaw_page_start"": 45}","5","A Home Daycare is a permitted Home Occupation, subject to the following requirements: It shall be located on a local Street where on-Street Parking is permitted; It shall comply with all provincial requirements of the Child Care Facilities Act R.S.P.E.I. 1988, Cap. C-5 and amendments thereto. The maximum Gross Floor Ar","draft|draft:92daa9e770cd|file|data/zoning/charlottetown-draft/general-provisions-land-use.json|section|doc-general-provisions-section-4-10|4.10","4.10","HOME DAYCARE","general_provisions","","{""pdf_page_end"": 37, ""bylaw_page_end"": 33, ""pdf_page_start"": 37, ""bylaw_page_start"": 33}","5","A home daycare is a permitted home occupation, subject to the following requirements: It shall be located on a local street where on-street parking is permitted; It shall comply with all provincial requirements of the Child Care Facilities Act R.S.P.E.I. 1988, Cap. C-5 and amendments thereto; The maximum gross floor ar","Manual review 2026-04-29: accepted exact-title current/draft section match with same_topic candidate type and text similarity >= 0.75; equivalence only, policy text may differ.","2026-04-29 10:39:45.417947+00:00"
"2026-04-29-exact-title-same-topic-text-ge-0.75","accepted","database backfill from existing accepted rows","123","title_topic_token_v1","other","same_topic","accepted","1","0.908537","current|current:bbb41b34dd5d|file|data/zoning/charlottetown/general-provisions.json|section|doc-general-provisions-section-5-12|5.12","5.12","MOBILE CANTEENS","general_provisions","","{""pdf_page_end"": 47, ""bylaw_page_end"": 47, ""pdf_page_start"": 46, ""bylaw_page_start"": 46}","22","A Mobile Canteen may be permitted: In any Zone for which Eating and Drinking Establishments are permitted; On a publically owned property within the OS Zone, to support an Active Recreation land use, subject to approval by the City for a short term Special Event; and On the Street Right-of-way, subject to the Street Ve","draft|draft:92daa9e770cd|file|data/zoning/charlottetown-draft/general-provisions-land-use.json|section|doc-general-provisions-section-4-12|4.12","4.12","MOBILE CANTEENS","general_provisions","","{""pdf_page_end"": 38, ""bylaw_page_end"": 34, ""pdf_page_start"": 38, ""bylaw_page_start"": 34}","21","A Mobile Canteen may be permitted: In any zone for which eating and drinking establishments are permitted; On a publicly owned property within the PPS Zone, to support an active recreation land use, subject to approval by the City for a short term special event or events; and On a street right-of-way, subject to the St","Manual review 2026-04-29: accepted exact-title current/draft section match with same_topic candidate type and text similarity >= 0.75; equivalence only, policy text may differ.","2026-04-29 10:39:45.417947+00:00"
"2026-04-29-exact-title-same-topic-text-ge-0.75","accepted","database backfill from existing accepted rows","126","title_topic_token_v1","other","same_topic","accepted","1","0.880435","current|current:bbb41b34dd5d|file|data/zoning/charlottetown/general-provisions.json|section|doc-general-provisions-section-5-13|5.13","5.13","OUTDOOR OPERATIONS","general_provisions","","{""pdf_page_end"": 48, ""bylaw_page_end"": 48, ""pdf_page_start"": 47, ""bylaw_page_start"": 47}","8","Where any outdoor site in any Zone is used for an outdoor Salvage or Waste Disposal Facility, auto-wrecking, Recycling Depot or scrapyard facility; or an outdoor facility for assembly, production, storage, repair or distribution of goods or products, the following conditions shall apply: The whole of the operation shal","draft|draft:92daa9e770cd|file|data/zoning/charlottetown-draft/general-provisions-land-use.json|section|doc-general-provisions-section-4-13|4.13","4.13","OUTDOOR OPERATIONS","general_provisions","","{""pdf_page_end"": 39, ""bylaw_page_end"": 35, ""pdf_page_start"": 39, ""bylaw_page_start"": 35}","7","Where any outdoor site in any zone is used for an outdoor salvage or waste disposal facility, auto-wrecking, recycling depot or scrapyard facility; or an outdoor facility for assembly, production, storage, repair or distribution of goods or products, the following conditions shall apply: The whole of the operation (exc","Manual review 2026-04-29: accepted exact-title current/draft section match with same_topic candidate type and text similarity >= 0.75; equivalence only, policy text may differ.","2026-04-29 10:39:45.417947+00:00"
"2026-04-29-exact-title-same-topic-text-ge-0.75","accepted","database backfill from existing accepted rows","132","title_topic_token_v1","other","same_topic","accepted","1","0.846154","current|current:bbb41b34dd5d|file|data/zoning/charlottetown/general-provisions.json|section|doc-general-provisions-section-5-15|5.15","5.15","EXCAVATION PIT","general_provisions","","{""pdf_page_end"": 49, ""bylaw_page_end"": 49, ""pdf_page_start"": 48, ""bylaw_page_start"": 48}","5","No person may strip, excavate, or otherwise remove top soil for sale or use from a Lot or other parcel of land or operate an excavation pit as defined in the Excavation Pit Regulations of the Environmental Protection Act, R.S.P.E.I. 1988, Cap. E-9. Where a Development Permit has been issued or where a Subdivision plan ","draft|draft:92daa9e770cd|file|data/zoning/charlottetown-draft/general-provisions-land-use.json|section|doc-general-provisions-section-4-15|4.15","4.15","EXCAVATION PIT","general_provisions","","{""pdf_page_end"": 39, ""bylaw_page_end"": 35, ""pdf_page_start"": 39, ""bylaw_page_start"": 35}","4","No person may strip, excavate, or otherwise remove top soil for sale or use from a lot or other parcel of land or operate an excavation pit as defined in the excavation pit Regulations of the Environmental Protection Act, R.S.P.E.I. 1988, Cap. E-9. Where a building permit has been issued or where a subdivision plan has","Manual review 2026-04-29: accepted exact-title current/draft section match with same_topic candidate type and text similarity >= 0.75; equivalence only, policy text may differ.","2026-04-29 10:39:45.417947+00:00"
"2026-04-29-exact-title-same-topic-text-ge-0.75","accepted","database backfill from existing accepted rows","135","title_topic_token_v1","permitted_uses","same_topic","accepted","1","1","current|current:bbb41b34dd5d|file|data/zoning/charlottetown/general-provisions.json|section|doc-general-provisions-section-5-16|5.16","5.16","USE OF UNDEVELOPED LANDS IN ALL ZONES","general_provisions","","{""pdf_page_end"": 49, ""bylaw_page_end"": 49, ""pdf_page_start"": 49, ""bylaw_page_start"": 49}","7","A parcel of Undeveloped Land in any Residential Zone that has at least 100 m (325 ft) of Lot Frontage and 1 hectare (2.45 acres) in Lot Area may be used, prior to its Subdivision, servicing or Development, for any of the following purposes: Single-detached Dwelling; Farm, excluding intensive livestock use or production","draft|draft:92daa9e770cd|file|data/zoning/charlottetown-draft/general-provisions-land-use.json|section|doc-general-provisions-section-4-16|4.16","4.16","USE OF UNDEVELOPED LANDS IN ALL ZONES","general_provisions","","{""pdf_page_end"": 40, ""bylaw_page_end"": 36, ""pdf_page_start"": 40, ""bylaw_page_start"": 36}","7","A parcel of undeveloped land in any residential zone that has at least 100 m (325 ft) of lot frontage and 1 hectare (2.45 acres) in lot area may be used, prior to its subdivision, servicing or development, for any of the following purposes: Single-detached dwelling; Farm, excluding intensive livestock use or production","Manual review 2026-04-29: accepted exact-title current/draft section match with same_topic candidate type and text similarity >= 0.75; equivalence only, policy text may differ.","2026-04-29 10:39:45.417947+00:00"
"2026-04-29-exact-title-same-topic-text-ge-0.75","accepted","database backfill from existing accepted rows","139","title_topic_token_v1","other","same_topic","accepted","1","0.794521","current|current:bbb41b34dd5d|file|data/zoning/charlottetown/general-provisions.json|section|doc-general-provisions-section-5-18|5.18","5.18","CANNABIS RETAIL STORE","general_provisions","","{""pdf_page_end"": 49, ""bylaw_page_end"": 49, ""pdf_page_start"": 49, ""bylaw_page_start"": 49}","6","Notwithstanding any other provision of this by-law, a Cannabis Retail Store shall not be located within 300 m (984.2 ft) of the following land uses: School Park, with play equipment intended for children Daycare or other early learning facility licensed under the Child Care Facilities Act R.S.P.E.I. 1988, Cap. C-5. Not","draft|draft:92daa9e770cd|file|data/zoning/charlottetown-draft/general-provisions-land-use.json|section|doc-general-provisions-section-4-18|4.18","4.18","CANNABIS RETAIL STORE","general_provisions","","{""pdf_page_end"": 40, ""bylaw_page_end"": 36, ""pdf_page_start"": 40, ""bylaw_page_start"": 36}","7","Cannabis retail sales uses and cannabis lounge uses are only permitted if such facilities are operated by the PEI Cannabis Management Corporation. Notwithstanding any other provision of this bylaw, a cannabis retail store shall not be located within 300 m (984.2 ft) of the following land uses: School; Park, with play e","Manual review 2026-04-29: accepted exact-title current/draft section match with same_topic candidate type and text similarity >= 0.75; equivalence only, policy text may differ.","2026-04-29 10:39:45.417947+00:00"
"2026-04-29-exact-title-same-topic-text-ge-0.75","accepted","database backfill from existing accepted rows","142","title_topic_token_v1","lot_requirements","same_topic","accepted","1","0.948276","current|current:bbb41b34dd5d|file|data/zoning/charlottetown/general-provisions.json|section|doc-general-provisions-section-6-1|6.1","6.1","NON-CONFORMING LOTS","general_provisions","","{""pdf_page_end"": 50, ""bylaw_page_end"": 50, ""pdf_page_start"": 50, ""bylaw_page_start"": 50}","3","Notwithstanding any other requirements of this by-law, a vacant Lot shown on a deed as a separate Lot(s) from adjoining parcels on the effective date of this by-law, having less than the minimum Lot Frontage or Lot Area required by this by-law, may: Be used for any purpose permitted in the Zone in which the Lot is loca","draft|draft:92daa9e770cd|file|data/zoning/charlottetown-draft/general-provisions-lots-site-design.json|section|doc-general-provisions-section-5-1|5.1","5.1","NON-CONFORMING LOTS","general_provisions","","{""pdf_page_end"": 41, ""bylaw_page_end"": 37, ""pdf_page_start"": 41, ""bylaw_page_start"": 37}","3","Notwithstanding any other requirements of this bylaw, a vacant lot shown on a deed as a separate lot(s) from adjoining parcels on the effective date of this bylaw, having less than the minimum lot frontage or lot area required by this bylaw, may: Be used for any purpose permitted in the zone in which the lot is located","Manual review 2026-04-29: accepted exact-title current/draft section match with same_topic candidate type and text similarity >= 0.75; equivalence only, policy text may differ.","2026-04-29 10:39:45.417947+00:00"
"2026-04-29-exact-title-same-topic-text-ge-0.75","accepted","database backfill from existing accepted rows","145","title_topic_token_v1","lot_requirements","same_topic","accepted","1","0.947368","current|current:bbb41b34dd5d|file|data/zoning/charlottetown/general-provisions.json|section|doc-general-provisions-section-6-2|6.2","6.2","UNDERSIZED LOTS","general_provisions","","{""pdf_page_end"": 50, ""bylaw_page_end"": 50, ""pdf_page_start"": 50, ""bylaw_page_start"": 50}","4","Notwithstanding any other requirements of this By-law: In zones where a single detached dwelling is permitted, nothing in this By-law shall prevent the use of an undersized lot with respect to minimum lot area and frontage for a single-detached dwelling provided that all other standards of the zone are met. In all othe","draft|draft:92daa9e770cd|file|data/zoning/charlottetown-draft/general-provisions-lots-site-design.json|section|doc-general-provisions-section-5-2|5.2","5.2","UNDERSIZED LOTS","general_provisions","","{""pdf_page_end"": 41, ""bylaw_page_end"": 37, ""pdf_page_start"": 41, ""bylaw_page_start"": 37}","4","Notwithstanding any other requirements of this bylaw, in zones where a single detached dwelling is permitted, nothing in this bylaw shall prevent the use of an undersized lot with respect to minimum lot area and frontage for a single-detached dwelling provided that all other standards of the zone are met. In all other ","Manual review 2026-04-29: accepted exact-title current/draft section match with same_topic candidate type and text similarity >= 0.75; equivalence only, policy text may differ.","2026-04-29 10:39:45.417947+00:00"
"2026-04-29-exact-title-same-topic-text-ge-0.75","accepted","database backfill from existing accepted rows","156","title_topic_token_v1","other","same_topic","accepted","1","0.888889","current|current:bbb41b34dd5d|file|data/zoning/charlottetown/general-provisions.json|section|doc-general-provisions-section-6-7|6.7","6.7","GARBAGE AREA","general_provisions","","{""pdf_page_end"": 54, ""bylaw_page_end"": 54, ""pdf_page_start"": 54, ""bylaw_page_start"": 54}","5","Garbage containers shall be stored inside a building or within a garbage container enclosure and screened by a 1.8 metre opaque fence, except for residential development of less than four (4) dwelling units. A garbage container enclosure shall not be located within the front yard in a residential zone and shall not be ","draft|draft:92daa9e770cd|file|data/zoning/charlottetown-draft/general-provisions-lots-site-design.json|section|doc-general-provisions-section-5-5|5.5","5.5","GARBAGE AREA","general_provisions","","{""pdf_page_end"": 43, ""bylaw_page_end"": 39, ""pdf_page_start"": 43, ""bylaw_page_start"": 39}","5","Garbage containers shall be stored inside a building or within a garbage container enclosure and screened by a 1.8 metre opaque fence or masonry wall, except for residential development of less than four (4) dwelling units. A garbage container enclosure shall not be located within the front yard in a residential zone a","Manual review 2026-04-29: accepted exact-title current/draft section match with same_topic candidate type and text similarity >= 0.75; equivalence only, policy text may differ.","2026-04-29 10:39:45.417947+00:00"
"2026-04-29-exact-title-same-topic-text-ge-0.75","accepted","database backfill from existing accepted rows","210","title_topic_token_v1","signage","same_topic","accepted","1","0.764045","current|current:bbb41b34dd5d|file|data/zoning/charlottetown/general-provisions.json|section|doc-general-provisions-section-47-3|47.3","47.3","PROHIBITED SIGNS","general_provisions","","{""pdf_page_end"": 138, ""bylaw_page_end"": 138, ""pdf_page_start"": 137, ""bylaw_page_start"": 137}","22","The following Signs are strictly prohibited: Signs posing a hazard to public safety or health, including Signs that were previously approved by a Development Officer, but have become hazardous due to inadequate Maintenance; Signs painted on or attached to a Fence, utility pole, bench, tree, rock, or any other natural o","draft|draft:92daa9e770cd|file|data/zoning/charlottetown-draft/general-provisions-signage.json|section|doc-general-provisions-section-9-4|9.4","9.4","PROHIBITED SIGNS","general_provisions","","{""pdf_page_end"": 78, ""bylaw_page_end"": 74, ""pdf_page_start"": 78, ""bylaw_page_start"": 74}","20","The following signs are strictly prohibited: Signs posing a hazard to public safety or health, including signs that were previously approved by a Development Officer, but have become hazardous due to inadequate maintenance; Signs painted on or attached to a fence, utility pole, bench, tree, rock, or any other natural o","Manual review 2026-04-29: accepted exact-title current/draft section match with same_topic candidate type and text similarity >= 0.75; equivalence only, policy text may differ.","2026-04-29 10:39:45.417947+00:00"
"2026-04-29-exact-title-same-topic-text-ge-0.75","accepted","database backfill from existing accepted rows","213","title_topic_token_v1","signage","same_topic","accepted","1","0.953488","current|current:bbb41b34dd5d|file|data/zoning/charlottetown/general-provisions.json|section|doc-general-provisions-section-47-4|47.4","47.4","NON-CONFORMING SIGNS","general_provisions","","{""pdf_page_end"": 139, ""bylaw_page_end"": 139, ""pdf_page_start"": 138, ""bylaw_page_start"": 138}","6","A Sign that is lawfully in existence at the effective date of this by-law, although the Sign does not conform to the provisions of this by-law, may continue to be used as a Non-conforming Sign; Non-conforming Signs may be replaced by an identical Sign. A component of a Non-conforming Sign may also be replaced with an i","draft|draft:92daa9e770cd|file|data/zoning/charlottetown-draft/general-provisions-signage.json|section|doc-general-provisions-section-9-5|9.5","9.5","NON-CONFORMING SIGNS","general_provisions","","{""pdf_page_end"": 78, ""bylaw_page_end"": 74, ""pdf_page_start"": 78, ""bylaw_page_start"": 74}","6","A sign that is lawfully in existence at the effective date of this bylaw, although the sign does not conform to the provisions of this bylaw, may continue to be used as a non-conforming sign; Non-conforming signs may be replaced by an identical sign. A component of a non- conforming sign may also be replaced with an id","Manual review 2026-04-29: accepted exact-title current/draft section match with same_topic candidate type and text similarity >= 0.75; equivalence only, policy text may differ.","2026-04-29 10:39:45.417947+00:00"
"2026-04-29-exact-title-same-topic-text-ge-0.75","accepted","database backfill from existing accepted rows","216","title_topic_token_v1","process","same_topic","accepted","1","0.976923","current|current:bbb41b34dd5d|file|data/zoning/charlottetown/general-provisions.json|section|doc-general-provisions-section-47-5|47.5","47.5","SIGN PERMIT APPLICATION","general_provisions","","{""pdf_page_end"": 139, ""bylaw_page_end"": 139, ""pdf_page_start"": 139, ""bylaw_page_start"": 139}","15","A Sign Permit application shall contain the following information before a Sign Permit may be issued: A completed Sign Permit application and a paid application fee, in accordance with Council’s approved schedule of fees; Written authorization from, and the contact information of the property owner; Scaled drawings ill","draft|draft:92daa9e770cd|file|data/zoning/charlottetown-draft/general-provisions-signage.json|section|doc-general-provisions-section-9-6|9.6","9.6","SIGN PERMIT APPLICATION","general_provisions","","{""pdf_page_end"": 79, ""bylaw_page_end"": 75, ""pdf_page_start"": 79, ""bylaw_page_start"": 75}","15","A sign permit application shall contain the following information before a sign permit may be issued: A completed sign permit application and a paid application fee, in accordance with Council's approved schedule of fees; Written authorization from, and the contact information of the property owner; Scaled drawings ill","Manual review 2026-04-29: accepted exact-title current/draft section match with same_topic candidate type and text similarity >= 0.75; equivalence only, policy text may differ.","2026-04-29 10:39:45.417947+00:00"
"2026-04-29-exact-title-same-topic-text-ge-0.75","accepted","database backfill from existing accepted rows","219","title_topic_token_v1","signage","same_topic","accepted","1","0.955056","current|current:bbb41b34dd5d|file|data/zoning/charlottetown/general-provisions.json|section|doc-general-provisions-section-47-6|47.6","47.6","SIGN ENFORCEMENT","general_provisions","","{""pdf_page_end"": 140, ""bylaw_page_end"": 140, ""pdf_page_start"": 140, ""bylaw_page_start"": 140}","8","A Development Officer may enter any parcel of land during the City’s office hours in order to inspect a Sign to determine its compliance with this by-law; Where a Development Officer is aware that a Sign has been erected prior to the issuance of a Sign Permit, he/she will provide notice to the owner, instructing them t","draft|draft:92daa9e770cd|file|data/zoning/charlottetown-draft/general-provisions-signage.json|section|doc-general-provisions-section-9-7|9.7","9.7","SIGN ENFORCEMENT","general_provisions","","{""pdf_page_end"": 79, ""bylaw_page_end"": 75, ""pdf_page_start"": 79, ""bylaw_page_start"": 75}","8","A Development Officer may enter any parcel of land during the City's office hours in order to inspect a sign to determine its compliance with this bylaw; Where a Development Officer is aware that a sign has been erected prior to the issuance of a sign permit, they will provide notice to the owner, instructing them to s","Manual review 2026-04-29: accepted exact-title current/draft section match with same_topic candidate type and text similarity >= 0.75; equivalence only, policy text may differ.","2026-04-29 10:39:45.417947+00:00"
"2026-04-29-exact-title-same-topic-text-ge-0.75","accepted","database backfill from existing accepted rows","230","title_topic_token_v1","signage","same_topic","accepted","1","0.802083","current|current:bbb41b34dd5d|file|data/zoning/charlottetown/general-provisions.json|section|doc-general-provisions-section-47-10|47.10","47.10","AWNING / CANOPY SIGNS","general_provisions","","{""pdf_page_end"": 142, ""bylaw_page_end"": 142, ""pdf_page_start"": 141, ""bylaw_page_start"": 141}","15","Awning / Canopy Signs shall adhere to the following provisions: Zone b. Dimensions c. General Provisions 500 Lot Area (Excluding DN Zone) Sign Area shall not exceed 40% of the Awning / Canopy upon which it is attached. Signs shall be affixed to, or painted on an Awning / Canopy that is securely attached to a Building w","draft|draft:92daa9e770cd|file|data/zoning/charlottetown-draft/general-provisions-signage.json|section|doc-general-provisions-section-9-11|9.11","9.11","AWNING / CANOPY SIGNS","general_provisions","","{""pdf_page_end"": 81, ""bylaw_page_end"": 77, ""pdf_page_start"": 81, ""bylaw_page_start"": 77}","2","Signs shall be affixed to, or painted on an Awning / Canopy that is securely attached to a building wall that abuts a street; Signs shall be attached to an Awning / Canopy that may extends a maximum of 1 m (3.3 ft) over a sidewalk or public Right-of-way; Signs shall be attached to an Awning / Canopy that is located bel","Manual review 2026-04-29: accepted exact-title current/draft section match with same_topic candidate type and text similarity >= 0.75; equivalence only, policy text may differ.","2026-04-29 10:39:45.417947+00:00"
"2026-04-29-exact-title-same-topic-text-ge-0.75","accepted","database backfill from existing accepted rows","242","title_topic_token_v1","signage","same_topic","accepted","1","0.885714","current|current:bbb41b34dd5d|file|data/zoning/charlottetown/general-provisions.json|section|doc-general-provisions-section-47-14|47.14","47.14","ELECTRONIC SIGNS","general_provisions","","{""pdf_page_end"": 146, ""bylaw_page_end"": 146, ""pdf_page_start"": 145, ""bylaw_page_start"": 145}","7","Electronic Signs shall be incorporated into a Free Standing Sign or be erected on a Building wall. Electronic Signs shall occupy a portion of the permitted Sign Area for Fascia Signs (Section 5.12.4) or Free Standing Signs (Section 5.13.3), as determined by its classification; Electronic Signs shall not be permitted: I","draft|draft:92daa9e770cd|file|data/zoning/charlottetown-draft/general-provisions-signage.json|section|doc-general-provisions-section-9-15|9.15","9.15","ELECTRONIC SIGNS","general_provisions","","{""pdf_page_end"": 85, ""bylaw_page_end"": 81, ""pdf_page_start"": 85, ""bylaw_page_start"": 81}","8","Electronic signs shall be incorporated into a free standing sign or be erected on a building wall. Electronic signs shall occupy a portion of the permitted sign area for fascia signs (Section 5.12.4) or free standing signs (Section 5.13.3), as determined by its classification; One Electronic Sign shall be permitted per","Manual review 2026-04-29: accepted exact-title current/draft section match with same_topic candidate type and text similarity >= 0.75; equivalence only, policy text may differ.","2026-04-29 10:39:45.417947+00:00"
"2026-04-29-exact-title-same-topic-text-ge-0.75","accepted","database backfill from existing accepted rows","245","title_topic_token_v1","signage","same_topic","accepted","1","0.761905","current|current:bbb41b34dd5d|file|data/zoning/charlottetown/general-provisions.json|section|doc-general-provisions-section-47-15|47.15","47.15","SANDWICH BOARD SIGNS","general_provisions","","{""pdf_page_end"": 147, ""bylaw_page_end"": 147, ""pdf_page_start"": 147, ""bylaw_page_start"": 147}","1","Sandwich Board Signs shall be adhere to the following provisions: Zone Dimensions General Provisions DC Zone DMS Zone DMUN Zone OS Zone PC Zone PZ Zone WF Zone Sign Area shall not exceed 0.6sq m (6.5sq ft) per Sign Face. Signs shall not exceed 1m (3.3ft) in Height. Signs shall only be displayed when the advertised Busi","draft|draft:92daa9e770cd|file|data/zoning/charlottetown-draft/general-provisions-signage.json|section|doc-general-provisions-section-9-16|9.16","9.16","SANDWICH BOARD SIGNS","general_provisions","","{""pdf_page_end"": 86, ""bylaw_page_end"": 82, ""pdf_page_start"": 86, ""bylaw_page_start"": 82}","2","Sign Area shall not exceed 0.6 m2 (6.5 ft2) per Sign Face. Signs shall not exceed 1m (3.3 ft) in Height. Placed On Public Right-of-way: Sign Area shall not exceed 0.6 m2 (6.5 ft2) per Sign Face. Signs shall not exceed 1 m (3.3 ft) in Height. Placed On Private Property: Sign Area shall not exceed 1.2 m2 (13 ft2) per Sig","Manual review 2026-04-29: accepted exact-title current/draft section match with same_topic candidate type and text similarity >= 0.75; equivalence only, policy text may differ.","2026-04-29 10:39:45.417947+00:00"
"2026-04-29-exact-title-same-topic-text-ge-0.75","accepted","database backfill from existing accepted rows","254","title_topic_token_v1","signage","same_topic","accepted","1","1","current|current:bbb41b34dd5d|file|data/zoning/charlottetown/general-provisions.json|section|doc-general-provisions-section-47-18|47.18","47.18","TEMPORARY MISCELLANEOUS SIGNS","general_provisions","","{""pdf_page_end"": 149, ""bylaw_page_end"": 149, ""pdf_page_start"": 148, ""bylaw_page_start"": 148}","5","Miscellaneous Signs, including ribbons, Inflatable Signs, balloons, activated devices, may be permitted on a temporary basis if they adhere to the following provisions: Signs shall be prohibited in the 500 Lot Area, unless associated with a Special Event or festival; A maximum of two Signs are permitted per property; S","draft|draft:92daa9e770cd|file|data/zoning/charlottetown-draft/general-provisions-signage.json|section|doc-general-provisions-section-9-19|9.19","9.19","TEMPORARY MISCELLANEOUS SIGNS","general_provisions","","{""pdf_page_end"": 88, ""bylaw_page_end"": 84, ""pdf_page_start"": 88, ""bylaw_page_start"": 84}","5","Miscellaneous signs, including ribbons, inflatable signs, balloons, activated devices, may be permitted on a temporary basis if they adhere to the following provisions: Temporary signs shall be prohibited in the 500 Lot Area, unless associated with a special event or festival; A maximum of two signs are permitted per p","Manual review 2026-04-29: accepted exact-title current/draft section match with same_topic candidate type and text similarity >= 0.75; equivalence only, policy text may differ.","2026-04-29 10:39:45.417947+00:00"
"2026-04-29-exact-title-same-topic-text-ge-0.75","accepted","database backfill from existing accepted rows","263","title_topic_token_v1","signage","same_topic","accepted","1","0.977273","current|current:bbb41b34dd5d|file|data/zoning/charlottetown/general-provisions.json|section|doc-general-provisions-section-47-22|47.22","47.22","EXEMPTIONS TO SIGN REGULATIONS","general_provisions","","{""pdf_page_end"": 151, ""bylaw_page_end"": 151, ""pdf_page_start"": 151, ""bylaw_page_start"": 151}","4","Heritage Board shall make a recommendation to Council on sign Permit applications for Heritage Designated Properties that do not adhere to the Sign Design Criteria and/or the placement of the sign, but not allow an increase in permitted sign face area. Planning Board shall review applications and make a formal recommen","draft|draft:92daa9e770cd|file|data/zoning/charlottetown-draft/general-provisions-signage.json|section|doc-general-provisions-section-9-23|9.23","9.23","EXEMPTIONS TO SIGN REGULATIONS","general_provisions","","{""pdf_page_end"": 90, ""bylaw_page_end"": 86, ""pdf_page_start"": 90, ""bylaw_page_start"": 86}","5","Heritage Board shall make a recommendation to Council on sign permit applications for Heritage Designated Properties that do not adhere to the sign design criteria and/or the placement of the sign, but not allow an increase in permitted sign face area. Planning Board shall review applications and make a formal recommen","Manual review 2026-04-29: accepted exact-title current/draft section match with same_topic candidate type and text similarity >= 0.75; equivalence only, policy text may differ.","2026-04-29 10:39:45.417947+00:00"
"2026-04-29-exact-title-same-topic-text-ge-0.75","accepted","database backfill from existing accepted rows","266","title_topic_token_v1","other","same_topic","accepted","1","0.965517","current|current:bbb41b34dd5d|file|data/zoning/charlottetown/general-provisions.json|section|doc-general-provisions-section-48-1|48.1","48.1","SCOPE","general_provisions","","{""pdf_page_end"": 152, ""bylaw_page_end"": 152, ""pdf_page_start"": 152, ""bylaw_page_start"": 152}","3","These provisions for subdividing land shall be the minimum requirement for the protection of public health, safety, and welfare, and are intended to protect the public and provide a wholesome community environment, adequate Municipal Services and safe Streets. This section shall not apply to any Lot or Lots forming par","draft|draft:92daa9e770cd|file|data/zoning/charlottetown-draft/general-provisions-subdividing-land.json|section|doc-general-provisions-section-7-1|7.1","7.1","SCOPE","general_provisions","","{""pdf_page_end"": 51, ""bylaw_page_end"": 47, ""pdf_page_start"": 51, ""bylaw_page_start"": 47}","3","These provisions for subdividing land shall be the minimum requirement for the protection of public health, safety, and welfare, and are intended to protect the public and provide a wholesome community environment, adequate municipal services and safe streets. This section shall not apply to any lot or lots forming par","Manual review 2026-04-29: accepted exact-title current/draft section match with same_topic candidate type and text similarity >= 0.75; equivalence only, policy text may differ.","2026-04-29 10:39:45.417947+00:00"
"2026-04-29-exact-title-same-topic-text-ge-0.75","accepted","database backfill from existing accepted rows","267","title_topic_token_v1","other","same_topic","accepted","1","0.784615","current|current:bbb41b34dd5d|file|data/zoning/charlottetown/general-provisions.json|section|doc-general-provisions-section-48-2|48.2","48.2","SERVICING","general_provisions","","{""pdf_page_end"": 152, ""bylaw_page_end"": 152, ""pdf_page_start"": 152, ""bylaw_page_start"": 152}","3","Where Municipal Services are available in the opinion of the Manager of Public Works, no Subdivision approval shall be issued except where the Subdivision is provided with such services. The Development Officer shall not approve a proposed subdivision until the applicant constructs all municipal services required for a","draft|draft:92daa9e770cd|file|data/zoning/charlottetown-draft/general-provisions-subdividing-land.json|section|doc-general-provisions-section-7-2|7.2","7.2","SERVICING","general_provisions","","{""pdf_page_end"": 51, ""bylaw_page_end"": 47, ""pdf_page_start"": 51, ""bylaw_page_start"": 47}","3","Where municipal services are available in the opinion of the Director of Community Services, no subdivision approval shall be issued except where the subdivision is provided with such services. The development officer shall not approve a proposed subdivision until the applicant constructs all municipal services require","Manual review 2026-04-29: accepted exact-title current/draft section match with same_topic candidate type and text similarity >= 0.75; equivalence only, policy text may differ.","2026-04-29 10:39:45.417947+00:00"
"2026-04-29-exact-title-same-topic-text-ge-0.75","accepted","database backfill from existing accepted rows","273","title_topic_token_v1","other","same_topic","accepted","1","0.958333","current|current:bbb41b34dd5d|file|data/zoning/charlottetown/general-provisions.json|section|doc-general-provisions-section-48-4|48.4","48.4","APPROVAL NOTIFICATION","general_provisions","","{""pdf_page_end"": 158, ""bylaw_page_end"": 158, ""pdf_page_start"": 158, ""bylaw_page_start"": 158}","2","The Development Officer shall approve a Plan of Subdivision or consolidation where it meets the requirements of this section. When a Plan of Subdivision has been approved, the Development Officer (or Designate) shall affix a stamp with the City of Charlottetown crest and his or her Signature and date approved to the pl","draft|draft:92daa9e770cd|file|data/zoning/charlottetown-draft/general-provisions-subdividing-land.json|section|doc-general-provisions-section-7-6|7.6","7.6","APPROVAL NOTIFICATION","general_provisions","","{""pdf_page_end"": 57, ""bylaw_page_end"": 53, ""pdf_page_start"": 57, ""bylaw_page_start"": 53}","2","The Development Officer shall approve a plan of subdivision or consolidation where it meets the requirements of this section. When a plan of subdivision has been approved, the Development Officer (or Designate) shall affix a stamp with the City of Charlottetown crest and his or her signature and date approved to the pl","Manual review 2026-04-29: accepted exact-title current/draft section match with same_topic candidate type and text similarity >= 0.75; equivalence only, policy text may differ.","2026-04-29 10:39:45.417947+00:00"
"2026-04-29-exact-title-same-topic-text-ge-0.75","accepted","database backfill from existing accepted rows","276","title_topic_token_v1","other","same_topic","accepted","1","0.942149","current|current:bbb41b34dd5d|file|data/zoning/charlottetown/general-provisions.json|section|doc-general-provisions-section-48-5|48.5","48.5","ENFORCEMENT","general_provisions","","{""pdf_page_end"": 159, ""bylaw_page_end"": 159, ""pdf_page_start"": 158, ""bylaw_page_start"": 158}","4","Recording of Plan: no Plan of Subdivision shall be entitled to be recorded in the City of Charlottetown or Queens County Registry Office, or have any validity, until it has been approved in the manner prescribed herein. In the event an unapproved plan is recorded, it shall be considered invalid and the City shall insti","draft|draft:92daa9e770cd|file|data/zoning/charlottetown-draft/general-provisions-subdividing-land.json|section|doc-general-provisions-section-7-7|7.7","7.7","ENFORCEMENT","general_provisions","","{""pdf_page_end"": 58, ""bylaw_page_end"": 54, ""pdf_page_start"": 58, ""bylaw_page_start"": 54}","4","Recording of Plan: no plan of subdivision shall be entitled to be recorded in Registry of Deeds, or have any validity, until it has been approved in the manner prescribed herein. In the event an unapproved plan is recorded, it shall be considered invalid and the City shall institute proceedings to have the plan stricke","Manual review 2026-04-29: accepted exact-title current/draft section match with same_topic candidate type and text similarity >= 0.75; equivalence only, policy text may differ.","2026-04-29 10:39:45.417947+00:00"
"2026-04-29-exact-title-same-topic-text-ge-0.75","accepted","database backfill from existing accepted rows","282","title_topic_token_v1","lot_requirements","same_topic","accepted","1","1","current|current:bbb41b34dd5d|file|data/zoning/charlottetown/general-provisions.json|section|doc-general-provisions-section-48-7|48.7","48.7","LOT CONFIGURATIONS","general_provisions","","{""pdf_page_end"": 161, ""bylaw_page_end"": 161, ""pdf_page_start"": 161, ""bylaw_page_start"": 161}","2","wherever possible, Side Lot Lines shall be substantially at right angles to a public Street or radial to a curved public Street; and wherever possible, the Rear Lot Lines of a series of adjoining Lots shall be continuous and not stepped or jogged.","draft|draft:92daa9e770cd|file|data/zoning/charlottetown-draft/general-provisions-subdividing-land.json|section|doc-general-provisions-section-7-9|7.9","7.9","LOT CONFIGURATIONS","general_provisions","","{""pdf_page_end"": 59, ""bylaw_page_end"": 55, ""pdf_page_start"": 59, ""bylaw_page_start"": 55}","2","Wherever possible, side lot lines shall be substantially at right angles to a public street or radial to a curved public street; and Wherever possible, the rear lot lines of a series of adjoining lots shall be continuous and not stepped or jogged.","Manual review 2026-04-29: accepted exact-title current/draft section match with same_topic candidate type and text similarity >= 0.75; equivalence only, policy text may differ.","2026-04-29 10:39:45.417947+00:00"
"2026-04-29-exact-title-same-topic-text-ge-0.75","accepted","database backfill from existing accepted rows","291","title_topic_token_v1","other","same_topic","accepted","1","0.852174","current|current:bbb41b34dd5d|file|data/zoning/charlottetown/general-provisions.json|section|doc-general-provisions-section-48-10|48.10","48.10","PERFORMANCE GUARANTEES AND CONVEYANCE OF PUBLIC SERVICES","general_provisions","","{""pdf_page_end"": 164, ""bylaw_page_end"": 164, ""pdf_page_start"": 162, ""bylaw_page_start"": 162}","25","The Applicant shall satisfy the requirements of Subdivision approval by entering into a Subdivision agreement as follows: the Applicant shall agree by Subdivision agreement to install the required systems as stipulated by the City, which may include: Streets, sidewalks, water supply, sewage collection, fire hydrants, s","draft|draft:92daa9e770cd|file|data/zoning/charlottetown-draft/general-provisions-subdividing-land.json|section|doc-general-provisions-section-7-12|7.12","7.12","PERFORMANCE GUARANTEES AND CONVEYANCE OF PUBLIC SERVICES","general_provisions","","{""pdf_page_end"": 60, ""bylaw_page_end"": 56, ""pdf_page_start"": 60, ""bylaw_page_start"": 56}","25","The applicant shall satisfy the requirements of subdivision approval by entering into a subdivision agreement as follows: The applicant shall agree by subdivision agreement to install the required systems as stipulated by the City, which may include: Streets, sidewalks, water supply, sewage collection, fire hydrants, s","Manual review 2026-04-29: accepted exact-title current/draft section match with same_topic candidate type and text similarity >= 0.75; equivalence only, policy text may differ.","2026-04-29 10:39:45.417947+00:00"
"2026-04-29-exact-title-same-topic-text-ge-0.75","accepted","database backfill from existing accepted rows","294","title_topic_token_v1","other","same_topic","accepted","1","0.96","current|current:bbb41b34dd5d|file|data/zoning/charlottetown/general-provisions.json|section|doc-general-provisions-section-48-11|48.11","48.11","EXEMPTIONS TO SUBDIVISION REQUIREMENTS","general_provisions","","{""pdf_page_end"": 164, ""bylaw_page_end"": 164, ""pdf_page_start"": 164, ""bylaw_page_start"": 164}","4","The Development Officer may approve an undersized Lot if an Existing undersized Lot is consolidated with another parcel in order to bring the new consolidated Lot closer to the minimum requirements of this by-law, provided that the remaining parcel or parcels meet the Lot requirements of this by-law or were lawfully ex","draft|draft:92daa9e770cd|file|data/zoning/charlottetown-draft/general-provisions-subdividing-land.json|section|doc-general-provisions-section-7-13|7.13","7.13","EXEMPTIONS TO SUBDIVISION REQUIREMENTS","general_provisions","","{""pdf_page_end"": 62, ""bylaw_page_end"": 58, ""pdf_page_start"": 62, ""bylaw_page_start"": 58}","4","The Development Officer may approve an undersized lot if an existing undersized lot is consolidated with another parcel in order to bring the new consolidated lot closer to the minimum requirements of this bylaw, provided that the remaining parcel or parcels meet the lot requirements of this bylaw or were lawfully exis","Manual review 2026-04-29: accepted exact-title current/draft section match with same_topic candidate type and text similarity >= 0.75; equivalence only, policy text may differ.","2026-04-29 10:39:45.417947+00:00"
"2026-04-29-exact-title-same-topic-text-ge-0.75","accepted","database backfill from existing accepted rows","297","title_topic_token_v1","lot_requirements","same_topic","accepted","1","0.932773","current|current:bbb41b34dd5d|file|data/zoning/charlottetown/general-provisions.json|section|doc-general-provisions-section-48-12|48.12","48.12","LOT SIZE","general_provisions","","{""pdf_page_end"": 165, ""bylaw_page_end"": 165, ""pdf_page_start"": 165, ""bylaw_page_start"": 165}","8","No Lot shall be reduced in area, either by conveyance or alienation of any portion thereof, or otherwise, so that any Building or Structure on such Lot shall have a Lot Coverage that exceeds, or a Front Yard, Rear Yard, Side Yard, Lot Frontage, or Lot Area that is less than that required by this by-law for the Zone in ","draft|draft:92daa9e770cd|file|data/zoning/charlottetown-draft/general-provisions-subdividing-land.json|section|doc-general-provisions-section-7-14|7.14","7.14","LOT SIZE","general_provisions","","{""pdf_page_end"": 63, ""bylaw_page_end"": 59, ""pdf_page_start"": 63, ""bylaw_page_start"": 59}","8","No lot shall be reduced in area, either by conveyance or alienation of any portion thereof, or otherwise, so that any building or structure on such lot shall have a lot coverage that exceeds, or a front yard, rear yard, side yard, lot frontage, or lot area that is less than that required by this bylaw for the zone in w","Manual review 2026-04-29: accepted exact-title current/draft section match with same_topic candidate type and text similarity >= 0.75; equivalence only, policy text may differ.","2026-04-29 10:39:45.417947+00:00"
